INSERT INTO Contratti (nome, cognome, numero_contratto, codice_fiscale, data_nascita, tipologia_contratto, inizio_contratto, termine_contratto) VALUES
('Marco', 'Rossi', 1, 'RSSMRC80A01H501Z', '1980-01-01', 'a_chiamata', '2014-01-01', '2025-01-01'),
('Luca', 'Bianchi', 2, 'BNCLCU85E15H501N', '1985-05-15', 'determinato', '2015-02-01', '2026-01-31'),
('Giulia', 'Verdi', 3, 'VRDGLI90M01F205S', '1990-12-01', 'indeterminato', '2016-03-01', NULL),
('Anna', 'Neri', 4, 'NERNNA75C15H501Y', '1975-03-15', 'a_chiamata', '2017-04-01', '2025-11-30'),
('Paolo', 'Gialli', 5, 'GLLPLA92R22F205R', '1992-10-22', 'determinato', '2018-05-01', '2025-04-30'),
('Chiara', 'Blu', 6, 'BLUCHR88M05H501R', '1988-08-05', 'indeterminato', '2019-06-01', NULL),
('Francesco', 'Marrone', 7, 'MRNFNC95A01H501C', '1995-01-01', 'a_chiamata', '2020-07-01', '2025-12-31'),
('Elena', 'Azzurri', 8, 'ZZRLNE70D10H501V', '1970-04-10', 'determinato', '2021-08-01', '2026-07-31'),
('Alessandro', 'Viola', 9, 'VLALSN85T20F205X', '1985-12-20', 'indeterminato', '2022-09-01', NULL),
('Maria', 'Arancio', 10, 'RNCMRA82S10F205L', '1982-11-10', 'a_chiamata', '2023-10-01', '2025-12-31'),
('Stefano', 'Lilla', 11, 'LLLSFN78M20H501P', '1978-08-20', 'determinato', '2014-11-01', '2025-10-31'),
('Laura', 'Fucsia', 12, 'FCSLRA89M01H501T', '1989-08-01', 'indeterminato', '2015-12-01', NULL),
('Davide', 'Ciano', 13, 'CNODVD92R01H501L', '1992-10-01', 'a_chiamata', '2016-01-01', '2025-06-30'),
('Serena', 'Rosa', 14, 'RSASRN93S01H501K', '1993-11-01', 'determinato', '2017-02-01', '2025-01-31'),
('Giorgio', 'Verde', 15, 'VRDGGR91A01H501X', '1991-01-01', 'indeterminato', '2018-03-01', NULL);


INSERT INTO Dipendenti (badge, numero_contratto, certificazione, ruolo, id_turno) VALUES
(1001, 1, 'Abilitazione al Commercio', 'responsabile', 101),
(1002, 2, 'Certificazione di Farmacista', 'farmacista', 102),
(1003, 3, 'Certificazione di Tecnico', 'tecnico di laboratorio', 103),
(1004, 4, 'Certificazione di Tecnico', 'tecnico di laboratorio', 104),
(1005, 5, 'Certificazione di Farmacista', 'farmacista', 105),
(1006, 6, 'Abilitazione al Commercio', 'responsabile', 106),
(1007, 7, 'Certificazione di Farmacista', 'farmacista', 107),
(1008, 8, 'Certificazione di Tecnico', 'tecnico di laboratorio', 108),
(1009, 9, 'Certificazione di Farmacista', 'farmacista', 109),
(1010, 10, 'Certificazione di Tecnico', 'tecnico di laboratorio', 110),
(1011, 11, 'Certificazione di Farmacista', 'farmacista', 111),
(1012, 12, 'Certificazione di Tecnico', 'tecnico di laboratorio', 112),
(1013, 13, 'Certificazione di Farmacista', 'farmacista', 113),
(1014, 14, 'Certificazione di Tecnico', 'tecnico di laboratorio', 114),
(1015, 15, 'Certificazione di Farmacista', 'farmacista', 115);

INSERT INTO Turni (id_turno, giorni, orario_inizio, orario_fine) VALUES
(101, 'lunedì-giovedì', '08:00:00', '12:00:00'),
(102, 'venerdì-lunedì', '14:00:00', '18:00:00'),
(103, 'lunedì-giovedì', '08:00:00', '12:00:00'),   -- Tecnico di laboratorio
(104, 'martedì-venerdì', '14:00:00', '18:00:00'),  -- Tecnico di laboratorio
(105, 'lunedì-venerdì', '08:00:00', '12:00:00'),
(106, 'martedì-venerdì', '14:00:00', '18:00:00'),
(107, 'lunedì-venerdì', '08:00:00', '12:00:00'),
(108, 'lunedì-giovedì', '14:00:00', '18:00:00'),   -- Tecnico di laboratorio
(109, 'lunedì-venerdì', '08:00:00', '12:00:00'),
(110, 'martedì-venerdì', '14:00:00', '18:00:00'),  -- Tecnico di laboratorio
(111, 'lunedì-venerdì', '08:00:00', '12:00:00'),
(112, 'lunedì-giovedì', '14:00:00', '18:00:00'),   -- Tecnico di laboratorio
(113, 'martedì-sabato', '08:00:00', '12:00:00'),
(114, 'mercoledì-venerdì', '14:00:00', '18:00:00'), -- Tecnico di laboratorio
(115, 'lunedì-venerdì', '08:00:00', '12:00:00');


INSERT INTO Prodotti (id_prodotto, nome, scadenza, tipo_di_assunzione, quantità_confezione, prezzo, tipo_prodotto, necessità_ricetta, età_minima) VALUES
(2001, 'Aspirina', '2025-06-15', 'Pastiglie', 12, 4.50, 'farmaco', FALSE, 12),
(2002, 'Paracetamolo', '2025-08-20', 'Capsule', 16, 5.00, 'farmaco', FALSE, 3),
(2003, 'Ibuprofene', '2025-09-30', 'Pastiglie', 16, 6.00, 'farmaco', TRUE, 12),
(2004, 'Crema Idratante', '2026-01-15', 'Pomate', 1, 12.00, 'cosmetico', FALSE, NULL),
(2005, 'Vitamina C', '2025-12-10', 'Bustine', 8, 8.00, 'integratore', FALSE, NULL),
(2006, 'Termometro Digitale', '2030-01-01', NULL, 1, 25.00, 'attrezzatura medica', FALSE, NULL),
(2007, 'Amoxicillina', '2025-11-25', 'Capsule', 12, 10.00, 'farmaco', TRUE, 12),
(2008, 'Crema Solare', '2025-07-01', 'Pomate', 1, 15.00, 'cosmetico', FALSE, NULL),
(2009, 'Integratore di Ferro', '2026-03-20', 'Capsule', 32, 18.00, 'integratore', FALSE, NULL),
(2010, 'Insulina', '2026-05-30', 'Endovena', 1, 20.00, 'farmaco', TRUE, 12),
(2011, 'Pomata Antibiotica', '2026-04-10', 'Pomate', 1, 7.50, 'farmaco', TRUE, NULL),
(2012, 'Multivitaminico', '2026-06-25', 'Capsule', 32, 16.00, 'integratore', FALSE, NULL),
(2013, 'Supposta Glicerina', '2026-02-15', 'Supposta', 8, 5.50, 'farmaco', FALSE, 3),
(2014, 'Cerotto', '2029-12-31', NULL, 1, 3.00, 'attrezzatura medica', FALSE, NULL),
(2015, 'Stampelle', '2030-01-01', NULL, 2, 30.00, 'attrezzatura medica', FALSE, NULL),
(2016, 'Atenololo', '2026-02-10', 'Pastiglie', 16, 15.00, 'farmaco', TRUE, 12), -- Farmaco per il cuore
(2017, 'Metoprololo', '2026-03-15', 'Pastiglie', 16, 12.00, 'farmaco', TRUE, 12), -- Farmaco per il cuore
(2018, 'Clotrimazolo', '2025-11-30', 'Pomate', 1, 6.00, 'farmaco', FALSE, NULL), -- Farmaco per la pelle
(2019, 'Idrocortisone', '2026-04-20', 'Pomate', 1, 8.00, 'farmaco', TRUE, NULL), -- Farmaco per la pelle
(2020, 'Fluoxetina', '2025-12-15', 'Capsule', 16, 25.00, 'farmaco', TRUE, 12), -- Psicofarmaco
(2021, 'Sertralina', '2026-05-10', 'Capsule', 16, 30.00, 'farmaco', TRUE, 12), -- Psicofarmaco
(2022, 'Diazepam', '2026-01-25', 'Pastiglie', 16, 20.00, 'farmaco', TRUE, 12), -- Psicofarmaco
(2023, 'Lorazepam', '2026-02-05', 'Pastiglie', 16, 18.00, 'farmaco', TRUE, 12), -- Psicofarmaco
(2024, 'Acido Salicilico', '2026-07-01', 'Pomate', 1, 10.00, 'farmaco', FALSE, NULL), -- Farmaco per la pelle
(2025, 'Benzilpenicillina', '2025-10-10', 'Intramuscolare', 1, 22.00, 'farmaco', TRUE, NULL),
(2026, 'Termometro a Mercurio', '2030-01-01', NULL, 1, 15.00, 'attrezzatura medica', FALSE, NULL),
(2027, 'Siringa Sterile', '2030-01-01', NULL, 1, 1.50, 'attrezzatura medica', FALSE, NULL),
(2028, 'Cuscinetto Ortopedico', '2030-01-01', NULL, 1, 45.00, 'attrezzatura medica', FALSE, NULL),
(2029, 'Amoxicillina + Acido Clavulanico', '2026-05-01', 'Capsule', 12, 12.00, 'farmaco', TRUE, 12),
(2030, 'Calcio Carbonato', '2026-06-15', 'Pastiglie', 32, 10.00, 'integratore', FALSE, NULL),
(2031, 'Vitamina D3', '2025-08-30', 'Capsule', 32, 20.00, 'integratore', FALSE, NULL),
(2032, 'Pasta Lenitiva', '2026-01-20', 'Pomate', 1, 9.00, 'cosmetico', FALSE, NULL),
(2033, 'Gocce Oculari', '2025-10-15', 'Bustine', 8, 7.00, 'farmaco', FALSE, NULL),
(2034, 'Bacitracina', '2026-03-10', 'Pomate', 1, 6.00, 'farmaco', TRUE, NULL),
(2035, 'Magnesio Citrato', '2026-04-05', 'Bustine', 8, 12.00, 'integratore', FALSE, NULL);

INSERT INTO Bugiardino (id_prodotto, effetti_collaterali) VALUES
(2001, 'Nausea, mal di stomaco, sanguinamento gastrico'),
(2003, 'Nausea, vertigini, mal di testa'),
(2007, 'Nausea, diarrea, reazioni allergiche'),
(2010, 'Ipoglicemia, reazioni allergiche, irritazione nel sito di iniezione'),
(2011, 'Irritazione cutanea, bruciore, prurito'),
(2016, 'Affaticamento, vertigini, bradicardia'),
(2017, 'Vertigini, affaticamento, depressione'),
(2018, 'Irritazione cutanea, prurito'),
(2019, 'Irritazione cutanea, bruciore, prurito'),
(2020, 'Nausea, insonnia, ansia'),
(2021, 'Nausea, diarrea, insonnia'),
(2022, 'Sonno, vertigini, debolezza muscolare'),
(2023, 'Sedazione, vertigini, perdita di equilibrio'),
(2024, 'Irritazione cutanea, arrossamento'),
(2025, 'Reazioni allergiche, dolore nel sito di iniezione'),
(2029, 'Nausea, diarrea, reazioni allergiche'),
(2033, 'Irritazione oculare, bruciore, arrossamento'),
(2034, 'Irritazione cutanea, arrossamento, prurito');

INSERT INTO Magazzino (id_prodotto, fila, posto, numero_restanti, numero_minimo, data_prossimo_carico) VALUES
(2001, 1, 'A', 5, 10, '2024-09-05'),
(2002, 1, 'B', 20, 10, NULL),
(2003, 1, 'C', 3, 10, '2024-09-07'),
(2004, 2, 'A', 12, 5, NULL),
(2005, 2, 'B', 6, 5, NULL),
(2006, 2, 'C', 15, 5, NULL),
(2007, 3, 'A', 4, 10, '2024-09-10'),
(2008, 3, 'B', 8, 5, '2024-09-12'),
(2009, 3, 'C', 10, 10, NULL),
(2010, 4, 'A', 2, 5, '2024-09-15'),
(2011, 4, 'B', 6, 5, NULL),
(2012, 4, 'C', 20, 5, NULL),
(2013, 5, 'A', 7, 5, NULL),
(2014, 5, 'B', 1, 5, '2024-09-18'),
(2015, 5, 'C', 12, 5, NULL),
(2016, 6, 'A', 3, 10, '2024-09-20'),
(2017, 6, 'B', 2, 10, '2024-09-22'),
(2018, 6, 'C', 15, 5, NULL),
(2019, 7, 'A', 1, 10, '2024-09-25'),
(2020, 7, 'B', 4, 10, '2024-09-27'),
(2021, 7, 'C', 5, 5, NULL),
(2022, 8, 'A', 9, 10, '2024-09-30'),
(2023, 8, 'B', 10, 10, NULL),
(2024, 8, 'C', 12, 5, NULL),
(2025, 9, 'A', 2, 10, '2024-10-03'),
(2026, 9, 'B', 6, 5, NULL),
(2027, 9, 'C', 15, 5, NULL),
(2028, 10, 'A', 8, 5, '2024-10-05'),
(2029, 10, 'B', 1, 5, '2024-10-07'),
(2030, 10, 'C', 20, 10, NULL),
(2031, 11, 'A', 4, 5, '2024-10-10'),
(2032, 11, 'B', 9, 5, NULL),
(2033, 11, 'C', 3, 5, '2024-10-12'),
(2034, 12, 'A', 11, 5, NULL),
(2035, 12, 'B', 7, 5, NULL);


INSERT INTO Ordini (id_ordine, id_prodotto, quantità, nome_fornitore, prezzo_unitario, data_arrivo) VALUES
(301, 2001, 6, 'Farmaceutici S.p.A.', 12.50, '2024-09-05'),
(302, 2003, 8, 'Salute e Benessere S.r.l.', 8.90, '2024-09-07'),
(303, 2007, 7, 'Distribuzione Medica S.r.l.', 5.75, '2024-09-10'),
(304, 2010, 4, 'Farmaci Globali S.p.A.', 20.00, '2024-09-15'),
(305, 2014, 4, 'Forniture Sanitarie S.p.A.', 3.50, '2024-09-18'),
(306, 2016, 7, 'Medica Pro S.r.l.', 15.30, '2024-09-20'),
(307, 2017, 8, 'Farmaceutici S.p.A.', 14.00, '2024-09-22'),
(308, 2019, 9, 'Salute e Benessere S.r.l.', 7.20, '2024-09-25'),
(309, 2020, 6, 'Distribuzione Medica S.r.l.', 18.00, '2024-09-27'),
(310, 2022, 2, 'Farmaci Globali S.p.A.', 10.50, '2024-09-30'),
(311, 2025, 8, 'Forniture Sanitarie S.p.A.', 22.00, '2024-10-03'),
(312, 2029, 4, 'Medica Pro S.r.l.', 9.75, '2024-10-05'),
(313, 2031, 1, 'Farmaceutici S.p.A.', 12.20, '2024-10-10'),
(314, 2033, 2, 'Salute e Benessere S.r.l.', 5.60, '2024-10-12'),
-- Prodotti non presenti nel magazzino
(315, 2201, 1, 'Distribuzione Medica S.r.l.', 25.00, '2024-09-10'),
(316, 2202, 2, 'Farmaci Globali S.p.A.', 30.50, '2024-09-12'),
(317, 2203, 3, 'Forniture Sanitarie S.p.A.', 15.00, '2024-09-15'),
(318, 2204, 1, 'Medica Pro S.r.l.', 28.75, '2024-09-17'),
(319, 2205, 2, 'Farmaceutici S.p.A.', 32.10, '2024-09-20'),
(320, 2206, 1, 'Salute e Benessere S.r.l.', 18.50, '2024-09-22');

INSERT INTO Fornitori (nome_ditta, p_iva, prodotto) VALUES
('Farmaceutici S.p.A.', '01234567890', 'Aspirina'),
('Salute e Benessere S.r.l.', '09876543210', 'Paracetamolo'),
('Distribuzione Medica S.r.l.', '11223344556', 'Ibuprofene'),
('Farmaci Globali S.p.A.', '66778899001', 'Amoxicillina'),
('Forniture Sanitarie S.p.A.', '22334455667', 'Cetirizina'),
('Medica Pro S.r.l.', '33445566778', 'Simvastatina'),
('Farmaceutici S.p.A.', '01234567890', 'Omeprazolo'),
('Salute e Benessere S.r.l.', '09876543210', 'Pantoprazolo'),
('Distribuzione Medica S.r.l.', '11223344556', 'Termometro Digitale'),
('Farmaci Globali S.p.A.', '66778899001', 'Crema Idratante'),
('Forniture Sanitarie S.p.A.', '22334455667', 'Stampelle'),
('Medica Pro S.r.l.', '33445566778', 'Gel Antibatterico'),
('Farmaceutici S.p.A.', '01234567890', 'Antibiotico Generico'),
('Salute e Benessere S.r.l.', '09876543210', 'Cortisone'),
('Distribuzione Medica S.r.l.', '11223344556', 'Loratadina'),
('Farmaci Globali S.p.A.', '66778899001', 'Ranitidina'),
('Forniture Sanitarie S.p.A.', '22334455667', 'Acido Acetilsalicilico'),
('Medica Pro S.r.l.', '33445566778', 'Clopidogrel'),
('Farmaceutici S.p.A.', '01234567890', 'Simeticone'),
('Salute e Benessere S.r.l.', '09876543210', 'Diosmectite'),
('Distribuzione Medica S.r.l.', '11223344556', 'Ferrograd'),
('Farmaci Globali S.p.A.', '66778899001', 'Cardioaspirina'),
('Forniture Sanitarie S.p.A.', '22334455667', 'Atorvastatina'),
('Medica Pro S.r.l.', '33445566778', 'Losartan'),
('Farmaceutici S.p.A.', '01234567890', 'Enalapril'),
('Salute e Benessere S.r.l.', '09876543210', 'Bisoprololo'),
('Distribuzione Medica S.r.l.', '11223344556', 'Nifedipina'),
('Farmaci Globali S.p.A.', '66778899001', 'Amlodipina'),
('Forniture Sanitarie S.p.A.', '22334455667', 'Valproato'),
('Medica Pro S.r.l.', '33445566778', 'Sertralina'),
('Farmaceutici S.p.A.', '01234567890', 'Alprazolam'),
('Salute e Benessere S.r.l.', '09876543210', 'Diazepam'),
('Distribuzione Medica S.r.l.', '11223344556', 'Carbamazepina'),
('Farmaci Globali S.p.A.', '66778899001', 'Lamotrigina'),
('Forniture Sanitarie S.p.A.', '22334455667', 'Lisinopril'),
('Medica Pro S.r.l.', '33445566778', 'Metoprololo'),
('Farmaceutici S.p.A.', '01234567890', 'Fenofibrato'),
('Salute e Benessere S.r.l.', '09876543210', 'Rosuvastatina'),
('Distribuzione Medica S.r.l.', '11223344556', 'Warfarin'),
('Farmaci Globali S.p.A.', '66778899001', 'Eparina'),
('Forniture Sanitarie S.p.A.', '22334455667', 'Insulina Glargine'),
('Medica Pro S.r.l.', '33445566778', 'Metformina'),
('Farmaceutici S.p.A.', '01234567890', 'Gliclazide'),
('Salute e Benessere S.r.l.', '09876543210', 'Saxagliptin'),
('Distribuzione Medica S.r.l.', '11223344556', 'Siringhe Sterili'),
('Farmaci Globali S.p.A.', '66778899001', 'Guanti Sterili'),
('Forniture Sanitarie S.p.A.', '22334455667', 'Termometro a Mercurio'),
('Medica Pro S.r.l.', '33445566778', 'Crema Solare'),
('Farmaceutici S.p.A.', '01234567890', 'Bendaggi Elastici'),
('Salute e Benessere S.r.l.', '09876543210', 'Cerotti Cicatrizzanti'),
('Distribuzione Medica S.r.l.', '11223344556', 'Pulsossimetro'),
('Farmaci Globali S.p.A.', '66778899001', 'Siringhe Sterili'),
('Forniture Sanitarie S.p.A.', '22334455667', 'Guanti Sterili');


