INSERT INTO Contratti(nome,cognome,numero_contratto,codice_fiscale,data_nascita,tipologia_contratto,inizio_contratto,termine_contratto)VALUES
('Marco','Rossi',1,'RSSMRC80A01H501Z','1980-01-01','a_chiamata','2014-01-01','2025-01-01'),
('Luca','Bianchi',2,'BNCLCU85E15H501N','1985-05-15','determinato','2015-02-01','2026-01-31'),
('Giulia','Verdi',3,'VRDGLI90M01F205S','1990-12-01','indeterminato','2016-03-01',NULL),
('Anna','Neri',4,'NERNNA75C15H501Y','1975-03-15','a_chiamata','2017-04-01','2025-11-30'),
('Paolo','Gialli',5,'GLLPLA92R22F205R','1992-10-22','determinato','2018-05-01','2025-04-30'),
('Chiara','Blu',6,'BLUCHR88M05H501R','1988-08-05','indeterminato','2019-06-01',NULL),
('Francesco','Marrone',7,'MRNFNC95A01H501C','1995-01-01','a_chiamata','2020-07-01','2025-12-31'),
('Elena','Azzurri',8,'ZZRLNE70D10H501V','1970-04-10','determinato','2021-08-01','2026-07-31'),
('Alessandro','Viola',9,'VLALSN85T20F205X','1985-12-20','indeterminato','2022-09-01',NULL),
('Maria','Arancio',10,'RNCMRA82S10F205L','1982-11-10','a_chiamata','2023-10-01','2025-12-31'),
('Stefano','Lilla',11,'LLLSFN78M20H501P','1978-08-20','determinato','2014-11-01','2025-10-31'),
('Laura','Fucsia',12,'FCSLRA89M01H501T','1989-08-01','indeterminato','2015-12-01',NULL),
('Davide','Ciano',13,'CNODVD92R01H501L','1992-10-01','a_chiamata','2016-01-01','2025-06-30'),
('Serena','Rosa',14,'RSASRN93S01H501K','1993-11-01','determinato','2017-02-01','2025-01-31'),
('Giorgio','Verde',15,'VRDGGR91A01H501X','1991-01-01','indeterminato','2018-03-01',NULL);


INSERT INTO Dipendenti(badge,numero_contratto,certificazione,ruolo,id_turno)VALUES
(1001,1,'AbilitazionealCommercio','responsabile',101),
(1002,2,'CertificazionediFarmacista','farmacista',102),
(1003,3,'CertificazionediTecnico','tecnicodilaboratorio',103),
(1004,4,'CertificazionediTecnico','tecnicodilaboratorio',104),
(1005,5,'CertificazionediFarmacista','farmacista',105),
(1006,6,'AbilitazionealCommercio','responsabile',106),
(1007,7,'CertificazionediFarmacista','farmacista',107),
(1008,8,'CertificazionediTecnico','tecnicodilaboratorio',108),
(1009,9,'CertificazionediFarmacista','farmacista',109),
(1010,10,'CertificazionediTecnico','tecnicodilaboratorio',110),
(1011,11,'CertificazionediFarmacista','farmacista',111),
(1012,12,'CertificazionediTecnico','tecnicodilaboratorio',112),
(1013,13,'CertificazionediFarmacista','farmacista',113),
(1014,14,'CertificazionediTecnico','tecnicodilaboratorio',114),
(1015,15,'CertificazionediFarmacista','farmacista',115);

INSERT INTO Turni(id_turno,giorni,orario_inizio,orario_fine)VALUES
(101,'lunedì-giovedì','08:00:00','12:00:00'),
(102,'venerdì-lunedì','14:00:00','18:00:00'),
(103,'lunedì-giovedì','08:00:00','12:00:00'),--Tecnicodilaboratorio
(104,'martedì-venerdì','14:00:00','18:00:00'),--Tecnicodilaboratorio
(105,'lunedì-venerdì','08:00:00','12:00:00'),
(106,'martedì-venerdì','14:00:00','18:00:00'),
(107,'lunedì-venerdì','08:00:00','12:00:00'),
(108,'lunedì-giovedì','14:00:00','18:00:00'),--Tecnicodilaboratorio
(109,'lunedì-venerdì','08:00:00','12:00:00'),
(110,'martedì-venerdì','14:00:00','18:00:00'),--Tecnicodilaboratorio
(111,'lunedì-venerdì','08:00:00','12:00:00'),
(112,'lunedì-giovedì','14:00:00','18:00:00'),--Tecnicodilaboratorio
(113,'martedì-sabato','08:00:00','12:00:00'),
(114,'mercoledì-venerdì','14:00:00','18:00:00'),--Tecnicodilaboratorio
(115,'lunedì-venerdì','08:00:00','12:00:00');


INSERT INTO Prodotti(id_prodotto,nome,scadenza,tipo_di_assunzione,quantità_confezione,prezzo,tipo_prodotto,necessità_ricetta,età_minima)VALUES
(2001,'Aspirina','2025-06-15','Pastiglie',12,4.50,'farmaco',FALSE,12),
(2002,'Paracetamolo','2025-08-20','Capsule',16,5.00,'farmaco',FALSE,3),
(2003,'Ibuprofene','2025-09-30','Pastiglie',16,6.00,'farmaco',TRUE,12),
(2004,'Crema Idratante','2026-01-15','Pomate',1,12.00,'cosmetico',FALSE,NULL), --ok
(2005,'Vitamina C','2025-12-10','Bustine',8,8.00,'integratore',FALSE,NULL), 
(2006,'Termometro Digitale','2030-01-01',NULL,1,25.00,'attrezzaturamedica',FALSE,NULL),
(2007,'Amoxicillina','2025-11-25','Capsule',12,10.00,'farmaco',TRUE,12),
(2008,'Crema Solare','2025-07-01','Pomate',1,15.00,'cosmetico',FALSE,NULL),
(2009,'Integratore di Ferro','2026-03-20','Capsule',32,18.00,'integratore',FALSE,NULL),
(2010,'Insulina','2026-05-30','Endovena',1,20.00,'farmaco',TRUE,12),
(2011,'Pomata Antibiotica','2026-04-10','Pomate',1,7.50,'farmaco',TRUE,NULL),
(2012,'Multivitaminico','2026-06-25','Capsule',32,16.00,'integratore',FALSE,NULL),
(2013,'Supposta Glicerina','2026-02-15','Supposta',8,5.50,'farmaco',FALSE,3),
(2014,'Cerotto','2029-12-31',NULL,1,3.00,'attrezzaturamedica',FALSE,NULL),
(2015,'Stampelle','2030-01-01',NULL,2,30.00,'attrezzaturamedica',FALSE,NULL),
(2016,'Atenololo','2026-02-10','Pastiglie',16,15.00,'farmaco',TRUE,12),--Farmacoperilcuore
(2017,'Metoprololo','2026-03-15','Pastiglie',16,12.00,'farmaco',TRUE,12),--Farmacoperilcuore
(2018,'Clotrimazolo','2025-11-30','Pomate',1,6.00,'farmaco',FALSE,NULL),--Farmacoperlapelle
(2019,'Idrocortisone','2026-04-20','Pomate',1,8.00,'farmaco',TRUE,NULL),--Farmacoperlapelle
(2020,'Fluoxetina','2025-12-15','Capsule',16,25.00,'farmaco',TRUE,12),--Psicofarmaco
(2021,'Sertralina','2026-05-10','Capsule',16,30.00,'farmaco',TRUE,12),--Psicofarmaco
(2022,'Diazepam','2026-01-25','Pastiglie',16,20.00,'farmaco',TRUE,12),--Psicofarmaco
(2023,'Lorazepam','2026-02-05','Pastiglie',16,18.00,'farmaco',TRUE,12),--Psicofarmaco
(2024,'Acido Salicilico','2026-07-01','Pomate',1,10.00,'farmaco',FALSE,NULL),--Farmacoperlapelle
(2025,'Benzilpenicillina','2025-10-10','Intramuscolare',1,22.00,'farmaco',TRUE,NULL),
(2026,'TermometroaMercurio','2030-01-01',NULL,1,15.00,'attrezzaturamedica',FALSE,NULL),
(2027,'Siringa Sterile','2030-01-01',NULL,1,1.50,'attrezzaturamedica',FALSE,NULL),
(2028,'Cuscinetto Ortopedico','2030-01-01',NULL,1,45.00,'attrezzaturamedica',FALSE,NULL),
(2029,'Acido Clavulanico','2026-05-01','Capsule',12,12.00,'farmaco',TRUE,12),
(2030,'Calcio Carbonato','2026-06-15','Pastiglie',32,10.00,'integratore',FALSE,NULL),
(2031,'Vitamina D3','2025-08-30','Capsule',32,20.00,'integratore',FALSE,NULL),
(2032,'Pasta Lenitiva','2026-01-20','Pomate',1,9.00,'cosmetico',FALSE,NULL),
(2033,'Gocce Oculari','2025-10-15','Bustine',8,7.00,'farmaco',FALSE,NULL),
(2034,'Bacitracina','2026-03-10','Pomate',1,6.00,'farmaco',TRUE,NULL),
(2035,'MagnesioCitrato','2026-04-05','Bustine',8,12.00,'integratore',FALSE,NULL);

INSERT INTO Bugiardino(id_prodotto,effetti_collaterali)VALUES
(2001,'Nausea,maldistomaco,sanguinamentogastrico'),
(2003,'Nausea,vertigini,malditesta'),
(2007,'Nausea,diarrea,reazioniallergiche'),
(2010,'Ipoglicemia,reazioniallergiche,irritazionenelsitodiiniezione'),
(2011,'Irritazionecutanea,bruciore,prurito'),
(2016,'Affaticamento,vertigini,bradicardia'),
(2017,'Vertigini,affaticamento,depressione'),
(2018,'Irritazionecutanea,prurito'),
(2019,'Irritazionecutanea,bruciore,prurito'),
(2020,'Nausea,insonnia,ansia'),
(2021,'Nausea,diarrea,insonnia'),
(2022,'Sonno,vertigini,debolezzamuscolare'),
(2023,'Sedazione,vertigini,perditadiequilibrio'),
(2024,'Irritazionecutanea,arrossamento'),
(2025,'Reazioniallergiche,dolorenelsitodiiniezione'),
(2029,'Nausea,diarrea,reazioniallergiche'),
(2033,'Irritazioneoculare,bruciore,arrossamento'),
(2034,'Irritazionecutanea,arrossamento,prurito');

INSERT INTO Magazzino(id_prodotto,fila,posto,numero_restanti,numero_minimo,data_prossimo_carico)VALUES
(2001,1,'A',5,10,'2024-09-05'),
(2002,1,'B',20,10,NULL),
(2003,1,'C',3,10,'2024-09-07'),
(2004,2,'A',12,5,NULL),
(2005,2,'B',6,5,NULL),
(2006,2,'C',15,5,NULL),
(2007,3,'A',4,10,'2024-09-10'),
(2008,3,'B',8,5,'2024-09-12'),
(2009,3,'C',10,10,NULL),
(2010,4,'A',2,5,'2024-09-15'),
(2011,4,'B',6,5,NULL),
(2012,4,'C',20,5,NULL),
(2013,5,'A',7,5,NULL),
(2014,5,'B',1,5,'2024-09-18'),
(2015,5,'C',12,5,NULL),
(2016,6,'A',3,10,'2024-09-20'),
(2017,6,'B',2,10,'2024-09-22'),
(2018,6,'C',15,5,NULL),
(2019,7,'A',1,10,'2024-09-25'),
(2020,7,'B',4,10,'2024-09-27'),
(2021,7,'C',5,5,NULL),
(2022,8,'A',9,10,'2024-09-30'),
(2023,8,'B',10,10,NULL),
(2024,8,'C',12,5,NULL),
(2025,9,'A',2,10,'2024-10-03'),
(2026,9,'B',6,5,NULL),
(2027,9,'C',15,5,NULL),
(2028,10,'A',8,5,'2024-10-05'),
(2029,10,'B',1,5,'2024-10-07'),
(2030,10,'C',20,10,NULL),
(2031,11,'A',4,5,'2024-10-10'),
(2032,11,'B',9,5,NULL),
(2033,11,'C',3,5,'2024-10-12'),
(2034,12,'A',11,5,NULL),
(2035,12,'B',7,5,NULL);


INSERT INTO Ordini(id_ordine,id_prodotto,quantità,nome_fornitore,prezzo_unitario,data_arrivo)VALUES
(301,2001,6,'FarmaceuticiS.p.A.',12.50,'2024-09-05'),
(302,2003,8,'Salute e Benessere S.r.l.',8.90,'2024-09-07'),
(303,2007,7,'Farmaceutici S.p.A.',5.75,'2024-09-10'),
(304,2010,4,'Farmaci Globali S.p.A.',20.00,'2024-09-15'),
(305,2014,4,'Distribuzione Medica S.r.l.',3.50,'2024-09-18'),
(306,2016,7,'Farmaceutici S.p.A.',15.30,'2024-09-20'),
(307,2017,8,'Medica Pro S.r.l.',14.00,'2024-09-22'),
(308,2019,9,'Salute e Benessere S.r.l.',7.20,'2024-09-25'),
(309,2020,6,'Distribuzione Medica S.r.l.',18.00,'2024-09-27'),
(310,2022,2,'Forniture Sanitarie S.p.A.',10.50,'2024-09-30'),
(311,2025,8,'Salute e Benessere S.r.l.',22.00,'2024-10-03'),
(312,2029,4,'Forniture Sanitarie S.p.A.',9.75,'2024-10-05'),
(313,2031,1,'Farmaceutici S.p.A.',12.20,'2024-10-10'),
(314,2033,2,'Distribuzione Medica S.r.l.',5.60,'2024-10-12');

INSERT INTO Fornitori(nome_ditta,p_iva,prodotto)VALUES
('Farmaceutici S.p.A.','01234567890','Aspirina'),
('Salute e BenessereS.r.l.','09876543210','Paracetamolo'),
('Salute e Benessere S.r.l','11223344556','Ibuprofene'),
('Farmaci Globali S.p.A.','66778899001','Crema Idratante'),
('Forniture Sanitarie S.p.A.','22334455667','Vitamina C'),
('Medica Pro S.r.l.','33445566778','Termometro DIgitale'),
('Farmaceutici S.p.A.','01234567890','Amoxicillina'),
('Distribuzione Medica S.r.l.','11223344556','Crema Solare'),
('Farmaci Globali S.p.A.','66778899001','Integratore di Ferro'),
('Farmaci Globali S.p.A.','22334455667','Insulina'),
('MedicaPro S.r.l.','33445566778','Pomata Antibiotica'),
('Farmaceutici S.p.A.','01234567890','Multivitaminico'),
('Forniture Sanitarie S.p.A.','09876543210','Supposta Glicerina'),
('Distribuzione Medica S.r.l.','11223344556','Cerotto'),
('Farmaci Globali S.p.A.','66778899001','Stampelle'),
('Farmaceutici S.p.A.','22334455667','Atenololo'),
('Medica Pro S.r.l.','33445566778','Metoprololo'),
('Farmaceutici S.p.A.','01234567890','Clotrimazolo'),
('Salute e Benessere S.r.l.','09876543210','Idrocortisone'),
('Distribuzione Medica S.r.l.','11223344556','Fluoxetina'),
('Farmaci Globali S.p.A.','66778899001','Sertralina'),
('Forniture Sanitarie S.p.A.','22334455667','Diazepam'),
('Medica Pro S.r.l.','33445566778','Lorazepam'),
('Farmaceutici S.p.A.','01234567890','Acido Salicilico'),
('Salute e Benessere S.r.l.','09876543210','Benzilpenicillina'),
('Distribuzione Medica S.r.l.','11223344556','Siringa Sterile'),
('Farmaci Globali S.p.A.','66778899001','Cuscinetto Ortopedico'),
('Forniture Sanitarie S.p.A.','22334455667','Acido Clavulanico'),
('Medica Pro S.r.l.','33445566778','Calcio Carbonato'),
('Farmaceutici S.p.A.','01234567890','Vitamina D3'),
('Salute e Benessere S.r.l.','09876543210','Pasta Lenitiva'),
('Distribuzione Medica S.r.l.','11223344556','Gocce Oculari'),
('Farmaci Globali S.p.A.','66778899001','Bacitracina'),
('Forniture Sanitarie S.p.A.','22334455667','Magnesio Citrato');

INSERT INTO Servizi_vari(nome_servizio,giorno,badge_farmacista,fascia_oraria,costo)VALUES
('orecchini','lunedì',1003,'08:00-12:00',20.00),
('vaccinazioni','martedì',1005,'13:00-17:00',25.00),
('tamponi','mercoledì',1006,'08:00-12:00',15.00),
('consiglio_medico','giovedì',1007,'13:00-17:00',30.00),
('analisi_terapia','venerdì',1008,'08:00-12:00',40.00),
('analisi_medicinali','sabato',1009,'08:00-12:00',35.00),
('analisi_dietistica','lunedì',1010,'13:00-17:00',50.00),
('orecchini','martedì',1011,'08:00-12:00',20.00),
('vaccinazioni','mercoledì',1012,'13:00-17:00',25.00),
('tamponi','giovedì',1013,'08:00-12:00',15.00),
('consiglio_medico','venerdì',1014,'13:00-17:00',30.00),
('analisi_terapia','sabato',1015,'08:00-12:00',40.00);


INSERT INTO Clienti(nome,cognome,codice_fiscale,età)VALUES
('Alessandro','Rossi','RSSLSS80A01H501B',18),
('Giulia','Bianchi','BNCGLL95B01H501X',22),
('Marco','Verdi','VRDMRC70C01H501Q',25),
('Laura','Conti','CNTLRA85D01H501V',28),
('Francesco','Moretti','MRTFNC92E01H501Z',32),
('Elena','Marini','MRNLNE75F01H501U',35),
('Davide','Gallo','GLLDVD88G01H501N',39),
('Chiara','Ferrari','FRRCHR93H01H501T',42),
('Luca','Rizzo','RZZLCA74I01H501K',45),
('Sara','Barbieri','BRBSRA81L01H501C',49),
('Andrea','Romano','RMNNDR90M01H501M',52),
('Valentina','Gatti','GTTVLN96N01H501L',55),
('Matteo','Costa','CSTMTO79O01H501D',59),
('Anna','Fontana','FNTNNA98P01H501J',62),
('Simone','Ricci','RCCSMN83Q01H501Y',65),
('Martina','Orlando','RLDMRT91R01H501E',68),
('Stefano','Testa','TSTSFN77S01H501W',72),
('Federica','DeLuca','DLCFRC86T01H501F',75),
('Giorgio','Ferraro','FRRGGG82U01H501S',78),
('Alice','Mariani','MRNLCA95V01H501P',80),
('Roberto','Santoro','SNTRRT71W01H501G',83),
('Ilaria','Grasso','GRSLRI94X01H501O',85),
('Paolo','Leone','LNOPLA89Y01H501I',87),
('Beatrice','Silvestri','SLVBRC87Z01H501H',89),
('Lorenzo','D_Amico','DMCLNZ80A02H501A',90),
('Silvia','Russo','RSSSLV91B02H501X',19),
('Tommaso','Giordano','GRDTMS74C02H501R',23),
('Veronica','Lombardi','LMBVRN92D02H501V',27),
('Gabriele','Barone','BRNGBL96E02H501L',31),
('Claudia','Ruggiero','RGRCLD85F02H501N',34),
('Michele','Villa','VLLMHL88G02H501M',38),
('Alice','Serra','SRAALC93H02H501T',41),
('Riccardo','D_Angelo','DNGCRD70I02H501C',44),
('Sofia','Vitali','VTLFIA81L02H501Y',48),
('Emanuele','Sereni','SRNMNL90M02H501K',51),
('Elisabetta','Pagano','PGNLBT79N02H501D',54),
('Daniele','Monti','MNTDNL76O02H501U',58),
('Francesca','Riva','RVAFNC84P02H501F',61),
('Roberta','Parisi','PRSRRT87Q02H501S',64),
('Alberto','Pellegrini','PLGLRT82R02H501J',67),
('Serena','Gallo','GLLSRN90S02H501N',71),
('Massimo','Bianco','BNCMSM77T02H501L',74),
('Vittoria','Amato','MNTVTR89U02H501A',77),
('Federico','Colombo','CLMFRC80V02H501I',79),
('Matilde','Morelli','MRLMTD94W02H501O',81),
('Filippo','Serra','SRAFPP95X02H501H',84),
('Ginevra','DeSantis','DSSGNR85Y02H501M',86),
('Edoardo','Ferrara','FRRDRE72Z02H501E',88),
('Greta','Rizzi','RZZGRT92A03H501P',25),
('Leonardo','Conti','CNTLND74B03H501W',33);

INSERT INTO Prenotazioni (id_prenotazione, nome_servizio, giorno, orario, cf_cliente) VALUES
(7000, 'orecchini', '2024-09-02', '10:00:00', 'RSSLSS80A01H501B'),
(7001, 'vaccinazioni', '2024-09-03', '14:00:00', 'BNCGLL95B01H501X'),
(7002, 'tamponi', '2024-09-04', '09:00:00', 'VRDMRC70C01H501Q'),
(7003, 'consiglio_medico', '2024-09-05', '16:00:00', 'CNTLRA85D01H501V'),
(7004, 'analisi_terapia', '2024-09-06', '11:00:00', 'MRTFNC92E01H501Z'),
(7005, 'analisi_medicinali', '2024-09-09', '15:00:00', 'MRNLNE75F01H501U'),
(7006, 'analisi_dietistica', '2024-09-10', '10:30:00', 'GLLDVD88G01H501N'),
(7007, 'orecchini', '2024-09-11', '10:00:00', 'FRRCHR93H01H501T'),
(7008, 'vaccinazioni', '2024-09-12', '14:00:00', 'RZZLCA74I01H501K'),
(7009, 'tamponi', '2024-09-13', '09:00:00', 'BRBSRA81L01H501C'),
(7010, 'consiglio_medico', '2024-09-16', '16:00:00', 'RMNNDR90M01H501M');


INSERT INTO Vendite (id_vendita, data_vendita, codice_fiscale_cliente, id_prodotto, farmacista_servente, totale_spesa) VALUES
(10001, '2024-08-01', 'MRNLNE75F01H501U', 2001, 4.50),
(10002, '2024-08-02', 'GLLDVD88G01H501N', 2002, 5.00),
(10003, '2024-08-03', 'FRRCHR93H01H501T', 2003, 6.00),
(10004, '2024-08-04', 'RZZLCA74I01H501K', 2004, 12.00),
(10005, '2024-08-05', 'BRBSRA81L01H501C', 2005, 8.00),
(10006, '2024-08-06', 'RMNNDR90M01H501M', 2006, 25.00),
(10007, '2024-08-07', 'GTTVLN96N01H501L', 2007, 10.00),
(10008, '2024-08-08', 'CSTMTO79O01H501D', 2008, 15.00),
(10009, '2024-08-09', 'FNTNNA98P01H501J', 2009, 18.00),
(10010, '2024-08-10', 'RCCSMN83Q01H501Y', 2010, 20.00),
(10011, '2024-08-11', 'RLDMRT91R01H501E', 2011, 7.50),
(10012, '2024-08-12', 'TSTSFN77S01H501W', 2012, 16.00),
(10013, '2024-08-13', 'DLCFRC86T01H501F', 2013, 5.50),
(10014, '2024-08-14', 'FRRGGG82U01H501S', 2014, 3.00),
(10015, '2024-08-15', 'MRNLCA95V01H501P', 2015, 30.00),
(10016, '2024-08-16', 'SNTRRT71W01H501G', 2016, 15.00),
(10017, '2024-08-17', 'GRSLRI94X01H501O', 2017, 12.00),
(10018, '2024-08-18', 'LNOPLA89Y01H501I', 2018, 6.00),
(10019, '2024-08-19', 'SLVBRC87Z01H501H', 2019, 8.00),
(10020, '2024-08-20', 'DMCLNZ80A02H501A', 2020, 25.00),
(10021, '2024-08-21', 'RSSSLV91B02H501X', 2021, 30.00),
(10022, '2024-08-22', 'GRDTMS74C02H501R', 2022, 20.00),
(10023, '2024-08-23', 'LMBVRN92D02H501V', 2023, 18.00),
(10024, '2024-08-24', 'BRNGBL96E02H501L', 2024, 10.00),
(10025, '2024-08-25', 'RGRCLD85F02H501N', 2025, 22.00),
(10026, '2024-08-26', 'VLLMHL88G02H501M', 2026, 15.00),
(10027, '2024-08-27', 'SRAALC93H02H501T', 2027, 1.50),
(10028, '2024-08-28', 'DNGCRD70I02H501C', 2028, 45.00),
(10029, '2024-08-29', 'VTLFIA81L02H501Y', 2029, 12.00),
(10030, '2024-08-30', 'SRNMNL90M02H501K', 2030, 10.00),
(10031, '2024-08-31', 'PGNLBT79N02H501D', 2031, 20.00),
(10032, '2024-09-01', 'MNTDNL76O02H501U', 2032, 9.00),
(10033, '2024-09-02', 'RVAFNC84P02H501F', 2033, 7.00),
(10034, '2024-09-03', 'PRSRRT87Q02H501S', 2034, 6.00),
(10035, '2024-09-04', 'PLGLRT82R02H501J', 2035, 24.00),
(10036, '2024-09-05', 'GLLSRN90S02H501N', 2001, 4.50),
(10037, '2024-09-06', 'BNCMSM77T02H501L', 2002, 5.00),
(10038, '2024-09-07', 'MNTVTR89U02H501A', 2003, 6.00),
(10039, '2024-09-08', 'CLMFRC80V02H501I', 2004, 12.00),
(10040, '2024-09-09', 'MRLMTD94W02H501O', 2005, 8.00),
(10041, '2024-09-10', 'SRAFPP95X02H501H', 2006, 25.00),
(10042, '2024-09-11', 'DSSGNR85Y02H501M', 2007, 10.00),
(10043, '2024-09-12', 'FRRDRE72Z02H501E', 2008, 30.00),
(10044, '2024-09-13', 'RZZGRT92A03H501P', 2009, 36.00),
(10045, '2024-09-14', 'CNTLND74B03H501W', 2010, 40.00);


INSERT INTO Ricetta(id_ricetta, dottore, codice_fiscale)VALUES
(30001, 'Giovanni Bianchi', 'FRRCHR93H01H501T'),
(30002, 'Alessandra Ferrari', 'GTTVLN96N01H501L'),
(30003, 'Marco Russo', 'RCCSMN83Q01H501Y'),
(30004, 'Laura Tramontin', 'RLDMRT91R01H501E'),
(30005, 'Luca Greco', 'SNTRRT71W01H501G'),
(30006, 'Francesca Romano', 'GRSLRI94X01H501O'),
(30007, 'Matteo	Santini', 'SLVBRC87Z01H501H'),
(30008, 'Serena	Moretti', 'DMCLNZ80A02H501A'),
(30009, 'Paolo Barone', 'RSSSLV91B02H501X'),
(30010, 'Giulia	Galli', 'GRDTMS74C02H501R'),
(30011, 'Andrea	Marchetti', 'LMBVRN92D02H501V'),
(30012, 'Claudia Fontana', 'RGRCLD85F02H501N'),
(30013, 'Stefano Giuliani', 'VTLFIA81L02H501Y'),
(30014, 'Valeria Costa', 'PRSRRT87Q02H501S'),
(30015, 'Giovanni Bianchi', 'MNTVTR89U02H501A'),
(30016, 'Marco Russo', 'DSSGNR85Y02H501M'),
(30017, 'Francesca Romano', 'CNTLND74B03H501W');